Dealer_Code,Dealer_Name,District,Phone,Email,Dealer_Since
DLR001,Chennai TVS Motors,Chennai,9188936937,chennai.tvs@gmail.com,2021
DLR002,Madurai TVS Motors,Madurai,9290615004,madurai.tvs@gmail.com,2012
DLR003,Coimbatore TVS Motors,Coimbatore,9412098028,coimbatore.tvs@gmail.com,2018
DLR004,Salem TVS Motors,Salem,9563506056,salem.tvs@gmail.com,2016
DLR005,Tirunelveli TVS Motors,Tirunelveli,9264741470,tirunelveli.tvs@gmail.com,2015
DLR006,Tiruppur TVS Motors,Tiruppur,9780464384,tiruppur.tvs@gmail.com,2018
DLR007,Trichy TVS Motors,Trichy,9540728477,trichy.tvs@gmail.com,2015
DLR008,Vellore TVS Motors,Vellore,9634115438,vellore.tvs@gmail.com,2016
DLR009,Erode TVS Motors,Erode,9210275084,erode.tvs@gmail.com,2012
DLR010,Thoothukudi TVS Motors,Thoothukudi,9411521626,thoothukudi.tvs@gmail.com,2011
DLR011,Thanjavur TVS Motors,Thanjavur,9700253065,thanjavur.tvs@gmail.com,2014
DLR012,Karur TVS Motors,Karur,9702935239,karur.tvs@gmail.com,2015
DLR013,Namakkal TVS Motors,Namakkal,9914099625,namakkal.tvs@gmail.com,2020
DLR014,Kanchipuram TVS Motors,Kanchipuram,9473425976,kanchipuram.tvs@gmail.com,2018
DLR015,Villupuram TVS Motors,Villupuram,9503531529,villupuram.tvs@gmail.com,2019
DLR016,Nagercoil TVS Motors,Nagercoil,9847689025,nagercoil.tvs@gmail.com,2021
DLR017,Sivakasi TVS Motors,Sivakasi,9235934233,sivakasi.tvs@gmail.com,2010
DLR018,Dindigul TVS Motors,Dindigul,9447199479,dindigul.tvs@gmail.com,2012
DLR019,Cuddalore TVS Motors,Cuddalore,9873814502,cuddalore.tvs@gmail.com,2020
DLR020,Nagapattinam TVS Motors,Nagapattinam,9199095932,nagapattinam.tvs@gmail.com,2016
